Model type,Model Knowledge,Tree number,Actual sensitivity one,Actual sensitivity two,Actual specificity one,Actual specificity two,Sensitivity Error,Specificity Error,Low Prevalence,High Prevalence,Covdp,Covdp max,Covdp min,Covdn,Covdn max,Covdn min
no cov,Poor,80,0.761363636,0.59375,0.738685345,0.942887931,NA,NA,0.275,0.6,NA,NA,NA,NA,NA,NA
no cov,Poor,80,0.802982732,0.64678179,0.845280765,0.676523297,0.007890356,0.072850377,0.325,0.6125,NA,NA,NA,NA,NA,NA
no cov,Poor,80,0.911945813,0.807881773,0.524509804,0.917892157,0.07347069,0.01890441,0.3625,0.7,NA,NA,NA,NA,NA,NA
no cov,Poor,80,0.542392567,0.795005807,0.936114733,0.923511517,NA,NA,0.2625,0.5125,NA,NA,NA,NA,NA,NA
no cov,Poor,80,0.75625,0.596875,1,0.8875,0.083912488,0.49280065,0.4,0.5,NA,NA,NA,NA,NA,NA
no cov,Poor,80,0.772237197,0.770215633,0.755698006,0.820156695,0.080979793,0.006961227,0.35,0.6625,NA,NA,NA,NA,NA,NA
no cov,Poor,80,0.696969697,0.337121212,0.967243187,0.916142558,0.172555097,0.169140578,0.3375,0.55,NA,NA,NA,NA,NA,NA
no cov,Poor,80,0.850980392,0.58872549,0.906609195,0.957758621,0.013219235,0.063862138,0.25,0.6375,NA,NA,NA,NA,NA,NA
no cov,Poor,80,0.584495488,0.840442986,0.963937622,0.99122807,0.0584071,0.0390207,0.2875,0.6625,NA,NA,NA,NA,NA,NA
no cov,Poor,80,0.69973545,0.508597884,0.865384615,0.903846154,0.037587316,0.027639604,0.35,0.675,NA,NA,NA,NA,NA,NA
no cov,Poor,80,0.634551495,0.781146179,0.637733888,0.778586279,0.02965499,0.017780473,0.35,0.5375,NA,NA,NA,NA,NA,NA
no cov,Poor,80,0.525625,0.860625,0.989583333,0.947916667,NA,NA,0.4,0.625,NA,NA,NA,NA,NA,NA
no cov,Poor,80,0.665113872,0.522774327,0.627192982,0.960526316,0.002504223,0.030327199,0.2875,0.525,NA,NA,NA,NA,NA,NA
no cov,Poor,80,0.650829563,0.786199095,0.937739464,0.962962963,NA,NA,0.325,0.6375,NA,NA,NA,NA,NA,NA
no cov,Poor,80,0.711538462,0.75,0.806318681,0.964285714,0.09240658,0.143291516,0.35,0.65,NA,NA,NA,NA,NA,NA
no cov,Poor,80,0.822537711,0.590062112,0.882852292,0.923882286,NA,NA,0.2875,0.6125,NA,NA,NA,NA,NA,NA
no cov,Poor,80,0.803459119,0.616352201,0.936838624,0.863425926,0.13380555,0.133056694,0.3,0.6625,NA,NA,NA,NA,NA,NA
no cov,Poor,80,0.629090909,0.643636364,0.972727273,0.905454545,NA,NA,0.3125,0.6875,NA,NA,NA,NA,NA,NA
no cov,Poor,80,0.706086957,0.696086957,0.761403509,0.888596491,0.009615716,0.073774803,0.2875,0.625,NA,NA,NA,NA,NA,NA
no cov,Poor,80,0.797619048,0.678571429,0.926628011,0.948260482,NA,NA,0.2625,0.525,NA,NA,NA,NA,NA,NA
no cov,Poor,80,0.708888889,0.606666667,0.796103896,0.906493506,0.038418272,0.038275869,0.3125,0.5625,NA,NA,NA,NA,NA,NA
no cov,Poor,80,0.707107843,0.761029412,0.717980296,0.877463054,0.076323974,0.09784553,0.3,0.6375,NA,NA,NA,NA,NA,NA
no cov,Poor,80,0.64375,0.686607143,0.917708333,0.924305556,0.030252624,0.127973187,0.4375,0.6,NA,NA,NA,NA,NA,NA
no cov,Poor,80,0.821593153,0.790980908,0.80118499,0.916721527,NA,NA,0.3875,0.6125,NA,NA,NA,NA,NA,NA
no cov,Poor,80,0.786666667,0.6625,0.713690476,0.974404762,0.112482541,0.07423275,0.3,0.625,NA,NA,NA,NA,NA,NA
no cov,Good one,80,0.785384615,0.931481481,0.804615385,0.775925926,0.062454547,0.003686895,0.325,0.625,NA,NA,NA,NA,NA,NA
no cov,Good one,80,0.726084184,0.777217742,0.758609694,0.862567204,0.074681395,0.085191433,0.4,0.6125,NA,NA,NA,NA,NA,NA
no cov,Good one,80,0.496212121,0.754960317,0.6875,0.799603175,0.076186742,0.003001034,0.3,0.55,NA,NA,NA,NA,NA,NA
no cov,Good one,80,0.714700193,0.902821317,0.699709865,0.714994775,0.113740821,0.097730326,0.275,0.5875,NA,NA,NA,NA,NA,NA
no cov,Good one,80,0.518914474,0.745471014,0.782346491,1,0.119832003,0.012159172,0.4,0.7125,NA,NA,NA,NA,NA,NA
no cov,Good one,80,0.636778116,0.965617716,0.754179331,0.747086247,0.038321731,0.059037906,0.35,0.5875,NA,NA,NA,NA,NA,NA
no cov,Good one,80,0.679945055,0.934065934,0.53021978,0.961538462,0.06724935,0.074235237,0.35,0.65,NA,NA,NA,NA,NA,NA
no cov,Good one,80,0.793154762,0.936298077,0.767857143,0.924278846,0.040220911,0.056092774,0.35,0.6,NA,NA,NA,NA,NA,NA
no cov,Good one,80,0.6,0.894047619,0.658333333,0.969047619,0.050917438,0.075048893,0.25,0.5625,NA,NA,NA,NA,NA,NA
no cov,Good one,80,0.836170213,0.957575758,0.904255319,0.818181818,0.049559588,0.017031131,0.3125,0.5875,NA,NA,NA,NA,NA,NA
no cov,Good one,80,0.905945946,0.917124736,0.53027027,0.59217759,0.394013023,0.20995775,0.3125,0.4625,NA,NA,NA,NA,NA,NA
no cov,Good one,80,0.61119186,0.904279279,0.676962209,0.859515766,0.09657741,0.097557626,0.4,0.5375,NA,NA,NA,NA,NA,NA
no cov,Good one,80,0.46957672,0.983050847,0.773809524,0.955345502,0.014602125,0.060068518,0.2625,0.675,NA,NA,NA,NA,NA,NA
no cov,Good one,80,0.696226415,0.951481481,0.696855346,0.921481481,0.094450235,0.07509761,0.375,0.6625,NA,NA,NA,NA,NA,NA
no cov,Good one,80,0.546558704,0.910235906,0.753711201,0.848860456,0.049667208,0.002606243,0.2375,0.4875,NA,NA,NA,NA,NA,NA
no cov,Good one,80,0.696820175,0.90317623,0.827850877,0.616547131,0.207687822,0.069524233,0.2375,0.6,NA,NA,NA,NA,NA,NA
no cov,Good one,80,0.551886792,0.717948718,0.668463612,0.643162393,0.056261944,0.037067221,0.35,0.6625,NA,NA,NA,NA,NA,NA
no cov,Good one,80,0.787267081,0.683948156,0.644409938,0.677218345,0.170944349,0.042195468,0.2625,0.575,NA,NA,NA,NA,NA,NA
no cov,Good one,80,0.690697674,0.96981982,0.65872093,0.887612613,0.099986232,0.068396988,0.25,0.5375,NA,NA,NA,NA,NA,NA
no cov,Good one,80,0.695555556,0.897402597,0.457777778,0.92987013,0.066225791,0.108395592,0.3125,0.5625,NA,NA,NA,NA,NA,NA
no cov,Good one,80,0.740196078,0.858630952,0.726102941,0.755704365,0.046234911,0.020632979,0.2125,0.6,NA,NA,NA,NA,NA,NA
no cov,Good one,80,0.613963964,0.921860465,0.624324324,0.752093023,0.058831371,0.05864747,0.375,0.4625,NA,NA,NA,NA,NA,NA
no cov,Good one,80,0.618539787,0.902534113,0.485233798,0.810916179,0.147288559,0.193006955,0.2875,0.6625,NA,NA,NA,NA,NA,NA
no cov,Good one,80,0.722222222,0.946519525,0.595238095,0.92614601,0.124299154,0.0819303,0.225,0.525,NA,NA,NA,NA,NA,NA
no cov,Good one,80,0.863476425,0.906072106,0.548205489,0.770082226,0.180097067,0.12381538,0.3625,0.6125,NA,NA,NA,NA,NA,NA
no cov,Good both,80,0.571759259,0.724587912,0.763888889,0.714972527,0.045918367,0.10691519,0.3,0.675,NA,NA,NA,NA,NA,NA
no cov,Good both,80,0.543462644,0.964767157,0.422054598,0.980392157,0.09377486,0.079941038,0.3625,0.6,NA,NA,NA,NA,NA,NA
no cov,Good both,80,0.516326531,0.96568915,0.363673469,0.87888563,0.103309879,0.078385858,0.3125,0.6125,NA,NA,NA,NA,NA,NA
no cov,Good both,80,0.70877193,0.99,0.744736842,0.97826087,0.005314798,0.099951601,0.375,0.7125,NA,NA,NA,NA,NA,NA
no cov,Good both,80,0.597142857,0.773020528,0.726938776,0.904105572,0.120450338,0.070768185,0.3125,0.6125,NA,NA,NA,NA,NA,NA
no cov,Good both,80,0.742105263,0.810382514,0.658421053,0.941803279,0.028210256,0.04158854,0.2375,0.625,NA,NA,NA,NA,NA,NA
no cov,Good both,80,0.752525253,0.99137931,0.932828283,0.871182266,0.030849243,0.041586965,0.275,0.5625,NA,NA,NA,NA,NA,NA
no cov,Good both,80,0.77037037,0.822327044,0.574814815,0.893396226,0.062069561,0.024540637,0.3375,0.625,NA,NA,NA,NA,NA,NA
no cov,Good both,80,0.698412698,0.887040715,0.746031746,0.990566038,0.020125726,0.022320787,0.3375,0.525,NA,NA,NA,NA,NA,NA
no cov,Good both,80,0.552821128,0.767793139,0.93877551,0.895801331,0.110392865,0.045627332,0.2125,0.6125,NA,NA,NA,NA,NA,NA
no cov,Good both,80,0.474264706,0.939347291,0.5625,0.947660099,0.112300725,0.041627473,0.3,0.6375,NA,NA,NA,NA,NA,NA
no cov,Good both,80,0.782978723,0.766666667,0.732340426,0.9,0.038371114,0.048400445,0.3125,0.5875,NA,NA,NA,NA,NA,NA
no cov,Good both,80,0.720779221,0.891268076,0.817254174,0.966629588,0.005545294,0.006828255,0.275,0.6125,NA,NA,NA,NA,NA,NA
no cov,Good both,80,0.878364389,0.816301097,0.73757764,0.896560319,0.113959328,0.039056773,0.2625,0.575,NA,NA,NA,NA,NA,NA
no cov,Good both,80,0.62962963,0.940448113,0.543981481,0.815153302,0.014181344,0.062367797,0.3375,0.6,NA,NA,NA,NA,NA,NA
no cov,Good both,80,0.619708995,0.83922956,0.588955026,0.750393082,0.016073902,0.032317234,0.3375,0.7,NA,NA,NA,NA,NA,NA
no cov,Good both,80,0.829081633,0.955024814,0.801020408,0.90353598,0.048474517,0.055286017,0.35,0.6125,NA,NA,NA,NA,NA,NA
no cov,Good both,80,0.695075758,0.99137931,0.778409091,0.875538793,0.007933504,0.090386662,0.275,0.6,NA,NA,NA,NA,NA,NA
no cov,Good both,80,0.393356643,0.841748768,0.597902098,0.903940887,0.127275993,0.015993466,0.275,0.65,NA,NA,NA,NA,NA,NA
no cov,Good both,80,0.849002849,0.880390836,0.564814815,0.835242588,0.094885189,0.08159533,0.3375,0.65,NA,NA,NA,NA,NA,NA
no cov,Good both,80,0.601527403,0.811048336,0.539982031,0.814187068,0.105261968,0.077074992,0.2625,0.6625,NA,NA,NA,NA,NA,NA
no cov,Good both,80,0.666975023,0.729665072,0.816373728,0.845295056,0.02044019,0.018632217,0.2875,0.5875,NA,NA,NA,NA,NA,NA
no cov,Good both,80,0.629251701,0.780584297,0.653439153,0.930006086,0.026485457,0.018251682,0.3375,0.6125,NA,NA,NA,NA,NA,NA
no cov,Good both,80,0.544642857,0.919642857,0.630952381,0.889880952,0.002635186,0.128083729,0.3,0.7,NA,NA,NA,NA,NA,NA
no cov,Good both,80,0.662698413,0.855769231,0.735449735,0.961538462,0.031289921,0.000289261,0.35,0.675,NA,NA,NA,NA,NA,NA
no cov,Poor,100,0.772222222,0.7734375,0.516666667,0.79375,0.119696147,0.105746003,0.36,0.6,NA,NA,NA,NA,NA,NA
no cov,Poor,100,0.479699666,0.979799852,0.814794216,0.912157153,NA,NA,0.29,0.62,NA,NA,NA,NA,NA,NA
no cov,Poor,100,0.680765086,0.769561815,0.533674569,0.978873239,0.042979553,0.005428904,0.29,0.64,NA,NA,NA,NA,NA,NA
no cov,Poor,100,0.722724703,0.728421813,0.738270209,0.959010473,NA,NA,0.29,0.61,NA,NA,NA,NA,NA,NA
no cov,Poor,100,0.633779264,0.849350649,0.591638796,0.661038961,0.117892929,0.06065797,0.23,0.65,NA,NA,NA,NA,NA,NA
no cov,Poor,100,0.669642857,0.944444444,0.7578125,0.909722222,NA,NA,0.28,0.64,NA,NA,NA,NA,NA,NA
no cov,Poor,100,0.701086957,0.921370968,0.675983437,0.898297491,0.076219488,0.130588042,0.28,0.69,NA,NA,NA,NA,NA,NA
no cov,Poor,100,0.73655914,0.918653576,0.489948574,0.888031791,0.020010934,0.118555246,0.31,0.69,NA,NA,NA,NA,NA,NA
no cov,Poor,100,0.711629002,0.959984756,0.53507533,0.531440549,0.152544267,0.177028332,0.36,0.59,NA,NA,NA,NA,NA,NA
no cov,Poor,100,0.755,0.80375,0.46,0.84875,0.107381477,0.052156998,0.2,0.5,NA,NA,NA,NA,NA,NA
no cov,Poor,100,0.840533088,0.984848485,0.5234375,0.847222222,0.107565987,0.171135765,0.34,0.64,NA,NA,NA,NA,NA,NA
no cov,Poor,100,0.659618574,0.815340909,0.706467662,0.785984848,0.120451962,0.122702603,0.36,0.67,NA,NA,NA,NA,NA,NA
no cov,Poor,100,0.665119363,0.976190476,0.920424403,0.905083655,0.042791277,0.024744364,0.26,0.58,NA,NA,NA,NA,NA,NA
no cov,Poor,100,0.508064516,0.889397407,0.564516129,0.835430969,0.024262983,0.075556587,0.31,0.62,NA,NA,NA,NA,NA,NA
no cov,Poor,100,0.397741935,0.933684211,0.646451613,0.834210526,0.038301385,0.01961,0.25,0.62,NA,NA,NA,NA,NA,NA
no cov,Poor,100,0.462184874,0.857638889,0.817226891,0.765625,0.015338985,0.009672174,0.28,0.68,NA,NA,NA,NA,NA,NA
no cov,Poor,100,0.908900836,0.87887527,0.727598566,0.96629416,0.076303713,0.030878825,0.27,0.62,NA,NA,NA,NA,NA,NA
no cov,Poor,100,0.489473684,0.993333333,0.693333333,0.795348837,0.078117456,0.063714844,0.25,0.57,NA,NA,NA,NA,NA,NA
no cov,Poor,100,0.741071429,0.903409091,0.875,0.804924242,NA,NA,0.28,0.56,NA,NA,NA,NA,NA,NA
no cov,Poor,100,0.357589286,1,0.312053571,0.815686275,0.032501928,0.095132139,0.32,0.7,NA,NA,NA,NA,NA,NA
no cov,Poor,100,0.882591093,0.810496543,0.751349528,0.938089252,NA,NA,0.26,0.57,NA,NA,NA,NA,NA,NA
no cov,Poor,100,0.771646859,0.867880013,0.572439162,0.956521739,0.046713985,0.046023174,0.31,0.57,NA,NA,NA,NA,NA,NA
no cov,Poor,100,0.615,0.83875,0.695,0.85625,0.065269809,0.011925421,0.2,0.5,NA,NA,NA,NA,NA,NA
no cov,Poor,100,0.658770161,0.791795666,0.470766129,0.86493808,0.056674191,0.097292828,0.32,0.62,NA,NA,NA,NA,NA,NA
no cov,Poor,100,0.871929825,0.815946844,0.921929825,0.85166113,0.053028664,0.011459491,0.3,0.57,NA,NA,NA,NA,NA,NA
no cov,Good one,100,0.606349206,0.856521739,0.730952381,0.941137124,0.05387776,0.166296804,0.35,0.54,NA,NA,NA,NA,NA,NA
no cov,Good one,100,0.777192982,0.656350626,0.641102757,0.938282648,0.018958632,0.270094841,0.35,0.57,NA,NA,NA,NA,NA,NA
no cov,Good one,100,0.610606061,0.726984127,0.443939394,0.788888889,0.057067249,0.119657068,0.3,0.55,NA,NA,NA,NA,NA,NA
no cov,Good one,100,0.490852191,0.768774704,0.458353394,0.903162055,0.137329474,0.099803501,0.31,0.67,NA,NA,NA,NA,NA,NA
no cov,Good one,100,0.624242424,0.807142857,0.586363636,1,0.043357331,0.260275815,0.3,0.55,NA,NA,NA,NA,NA,NA
no cov,Good one,100,0.636904762,0.830555556,0.648809524,0.630555556,0.007171193,0.203959224,0.28,0.6,NA,NA,NA,NA,NA,NA
no cov,Good one,100,0.408571429,0.853333333,0.614285714,0.916666667,0.047319076,0.103897884,0.25,0.7,NA,NA,NA,NA,NA,NA
no cov,Good one,100,0.869318182,0.713286713,0.590909091,0.613053613,0.166312039,0.057559678,0.22,0.56,NA,NA,NA,NA,NA,NA
no cov,Good one,100,0.737068966,0.967957746,0.847126437,0.840492958,0.063978679,0.104624202,0.29,0.6,NA,NA,NA,NA,NA,NA
no cov,Good one,100,0.769476373,0.897586432,0.582056194,0.7987606,0.112642549,0.046163487,0.27,0.58,NA,NA,NA,NA,NA,NA
no cov,Good one,100,0.734192037,0.779380342,0.845140515,0.813034188,0.016857962,0.003809335,0.28,0.61,NA,NA,NA,NA,NA,NA
no cov,Good one,100,0.827047146,0.813250518,0.73325062,1,0.019174249,0.153478332,0.31,0.65,NA,NA,NA,NA,NA,NA
no cov,Good one,100,0.693333333,0.738717949,0.439583333,0.759487179,0.110827431,0.065968293,0.25,0.48,NA,NA,NA,NA,NA,NA
no cov,Good one,100,0.74417521,0.849206349,0.713420317,0.706349206,0.090854835,0.072660029,0.37,0.58,NA,NA,NA,NA,NA,NA
no cov,Good one,100,0.848557692,0.856981982,0.859975962,0.931681682,0.069677396,0.092294234,0.26,0.64,NA,NA,NA,NA,NA,NA
no cov,Good one,100,0.535181237,0.849116162,0.588752665,0.871212121,0.0814408,0.078608966,0.28,0.67,NA,NA,NA,NA,NA,NA
no cov,Good one,100,0.667067308,0.985294118,0.662259615,0.915441176,0.048932122,0.026166861,0.32,0.52,NA,NA,NA,NA,NA,NA
no cov,Good one,100,0.3415625,0.972777778,0.6515625,0.965555556,0.061768597,0.067792142,0.25,0.64,NA,NA,NA,NA,NA,NA
no cov,Good one,100,0.416666667,1,0.685515873,0.919630156,0.054087806,0.01101852,0.24,0.63,NA,NA,NA,NA,NA,NA
no cov,Good one,100,0.714285714,0.823611111,0.455952381,0.972222222,0.014538398,0.224803614,0.28,0.6,NA,NA,NA,NA,NA,NA
no cov,Good one,100,0.574315515,0.857943309,0.60202086,0.856460119,0.064261126,0.074144945,0.26,0.59,NA,NA,NA,NA,NA,NA
no cov,Good one,100,0.824074074,0.880539887,0.654882155,0.80016116,0.081323907,0.000526276,0.27,0.66,NA,NA,NA,NA,NA,NA
no cov,Good one,100,0.887992832,0.906272531,0.802568698,0.940519106,0.019837021,0.03883498,0.27,0.62,NA,NA,NA,NA,NA,NA
no cov,Good one,100,0.692665572,0.82032737,0.602627258,0.842025124,0.041762598,0.101945439,0.29,0.63,NA,NA,NA,NA,NA,NA
no cov,Good one,100,0.617147708,0.904074703,0.649405772,0.986842105,0.028769007,0.169461643,0.38,0.62,NA,NA,NA,NA,NA,NA
no cov,Good both,100,0.356410256,0.885714286,0.65,0.75,0.159578038,0.024291431,0.3,0.65,NA,NA,NA,NA,NA,NA
no cov,Good both,100,0.566451613,0.82122807,0.542580645,0.920350877,0.049981018,0.003080873,0.25,0.62,NA,NA,NA,NA,NA,NA
no cov,Good both,100,0.869328494,0.974287586,0.530852995,0.967245332,0.049136449,0.102016995,0.29,0.57,NA,NA,NA,NA,NA,NA
no cov,Good both,100,0.509696017,0.915558511,0.578092243,0.847406915,0.065190343,0.037004203,0.36,0.53,NA,NA,NA,NA,NA,NA
no cov,Good both,100,0.723502304,0.979166667,0.813940092,0.776681287,0.053844036,0.060386402,0.28,0.62,NA,NA,NA,NA,NA,NA
no cov,Good both,100,0.671541502,0.864646465,0.745849802,0.924963925,0.008650683,0.018905411,0.23,0.55,NA,NA,NA,NA,NA,NA
no cov,Good both,100,0.689916405,0.891880696,0.693312435,0.898922949,0.042839518,0.06417173,0.29,0.66,NA,NA,NA,NA,NA,NA
no cov,Good both,100,0.6875,0.986842105,0.7875,0.815131579,0.02307717,0.06119752,0.24,0.6,NA,NA,NA,NA,NA,NA
no cov,Good both,100,0.804093567,0.960974833,0.468810916,0.963045556,0.087107648,0.113751412,0.27,0.57,NA,NA,NA,NA,NA,NA
no cov,Good both,100,0.720822281,0.766087516,0.75331565,0.771235521,0.059469208,0.035462366,0.26,0.58,NA,NA,NA,NA,NA,NA
no cov,Good both,100,0.856034483,0.906161972,0.405172414,0.884330986,0.15393727,0.161857586,0.29,0.6,NA,NA,NA,NA,NA,NA
no cov,Good both,100,0.623529412,0.79040404,0.627005348,0.696464646,0.057636406,0.053006718,0.34,0.55,NA,NA,NA,NA,NA,NA
no cov,Good both,100,0.792532468,0.952777778,0.90974026,0.945833333,0.022468999,0.004192736,0.28,0.55,NA,NA,NA,NA,NA,NA
no cov,Good both,100,0.648059701,0.90969697,0.733134328,0.892727273,0.065761254,0.049516222,0.25,0.67,NA,NA,NA,NA,NA,NA
no cov,Good both,100,0.873846154,0.937142857,0.683076923,0.985714286,0.009477498,0.008385172,0.25,0.65,NA,NA,NA,NA,NA,NA
no cov,Good both,100,0.645833333,0.911184211,0.695833333,0.807236842,0.00668229,0.024458349,0.24,0.6,NA,NA,NA,NA,NA,NA
no cov,Good both,100,0.746390458,0.813397928,0.646892655,0.700634815,0.084238283,0.055332854,0.27,0.59,NA,NA,NA,NA,NA,NA
no cov,Good both,100,0.458931419,0.894603459,0.58692185,0.862104949,0.005715025,0.066201832,0.22,0.57,NA,NA,NA,NA,NA,NA
no cov,Good both,100,0.784199584,0.901587302,0.741787942,0.893650794,0.000706749,0.063398431,0.37,0.65,NA,NA,NA,NA,NA,NA
no cov,Good both,100,0.741727941,0.866896759,0.741727941,0.93712485,0.0283498,0.007820429,0.32,0.51,NA,NA,NA,NA,NA,NA
no cov,Good both,100,0.866835994,1,0.390783745,0.799022427,0.205548336,0.132485622,0.26,0.53,NA,NA,NA,NA,NA,NA
no cov,Good both,100,0.766589862,0.94291498,0.66359447,0.979149798,0.044148834,0.063901417,0.35,0.62,NA,NA,NA,NA,NA,NA
no cov,Good both,100,0.846354167,0.912280702,0.591145833,0.852339181,0.026520725,0.028233577,0.24,0.64,NA,NA,NA,NA,NA,NA
no cov,Good both,100,0.617105263,0.95503876,0.817324561,0.951744186,0.091952998,0.051553578,0.4,0.57,NA,NA,NA,NA,NA,NA
no cov,Good both,100,0.807281858,0.765452723,0.771814187,0.974106248,0.065713888,0.026252116,0.27,0.59,NA,NA,NA,NA,NA,NA
no cov,Poor,120,0.646138996,0.948849105,0.709266409,0.910358056,NA,NA,0.291666667,0.616666667,NA,NA,NA,NA,NA,NA
no cov,Poor,120,0.580487805,0.99,0.782229965,0.801392405,0.036644778,0.046651073,0.341666667,0.583333333,NA,NA,NA,NA,NA,NA
no cov,Poor,120,0.714351852,0.99375,0.670987654,0.86025641,NA,NA,0.333333333,0.675,NA,NA,NA,NA,NA,NA
no cov,Poor,120,0.826470588,0.915116279,0.680672269,0.868604651,0.070043997,0.023430212,0.283333333,0.583333333,NA,NA,NA,NA,NA,NA
no cov,Poor,120,0.596424702,0.987654321,0.595160708,0.793020912,0.03596377,0.09533498,0.325,0.591666667,NA,NA,NA,NA,NA,NA
no cov,Poor,120,0.712740385,0.95127866,0.891225962,0.824294533,NA,NA,0.325,0.533333333,NA,NA,NA,NA,NA,NA
no cov,Poor,120,0.421641791,0.687331536,0.656301824,0.902740341,0.039825017,0.027664864,0.3,0.558333333,NA,NA,NA,NA,NA,NA
no cov,Poor,120,0.924773756,0.868945869,0.68627451,0.656813865,0.140215339,0.130226701,0.325,0.566666667,NA,NA,NA,NA,NA,NA
no cov,Poor,120,0.420168067,0.903846154,0.717436975,0.897435897,0.04256806,0.104580821,0.35,0.566666667,NA,NA,NA,NA,NA,NA
no cov,Poor,120,0.576388889,0.983630952,0.666666667,0.824404762,0.036526377,0.048192819,0.3,0.6,NA,NA,NA,NA,NA,NA
no cov,Poor,120,0.432748538,0.890151515,0.467836257,0.797619048,0.036085001,0.019362944,0.3,0.633333333,NA,NA,NA,NA,NA,NA
no cov,Poor,120,0.461355717,0.938769503,0.794425087,0.987341772,0.134845612,0.057930462,0.341666667,0.641666667,NA,NA,NA,NA,NA,NA
no cov,Poor,120,0.586687307,0.938086304,0.850619195,0.769699812,NA,NA,0.316666667,0.566666667,NA,NA,NA,NA,NA,NA
no cov,Poor,120,0.621882684,0.954032046,0.854583772,0.891252955,NA,NA,0.325,0.608333333,NA,NA,NA,NA,NA,NA
no cov,Poor,120,0.608170311,0.895149986,0.882431914,0.744463134,0.018435511,0.100226816,0.275,0.658333333,NA,NA,NA,NA,NA,NA
no cov,Poor,120,0.404395604,0.863636364,0.792307692,0.809090909,0.090671399,0.037311881,0.291666667,0.541666667,NA,NA,NA,NA,NA,NA
no cov,Poor,120,0.485294118,0.892389525,0.677036199,0.908346972,0.066103757,0.097760803,0.216666667,0.566666667,NA,NA,NA,NA,NA,NA
no cov,Poor,120,0.6953125,0.73538961,0.8515625,0.958603896,0.045568393,0.023861344,0.266666667,0.533333333,NA,NA,NA,NA,NA,NA
no cov,Poor,120,0.713333333,0.955555556,0.596666667,0.927777778,NA,NA,0.25,0.625,NA,NA,NA,NA,NA,NA
no cov,Poor,120,0.508956797,0.87785658,0.639796277,0.933806147,0.043176239,0.015097483,0.325,0.608333333,NA,NA,NA,NA,NA,NA
no cov,Poor,120,0.65276273,0.829805996,0.685446009,0.825774754,0.036620896,0.065782555,0.325,0.591666667,NA,NA,NA,NA,NA,NA
no cov,Poor,120,0.721088435,0.75161385,0.783588435,0.856367371,0.00694873,0.031254124,0.408333333,0.6,NA,NA,NA,NA,NA,NA
no cov,Poor,120,0.569498069,0.941019894,0.802035802,0.886803026,0.084176645,0.020860604,0.308333333,0.641666667,NA,NA,NA,NA,NA,NA
no cov,Poor,120,0.69159954,0.921783011,0.499424626,0.839220634,NA,NA,0.275,0.658333333,NA,NA,NA,NA,NA,NA
no cov,Poor,120,0.361111111,0.97172619,0.875,0.904761905,0.295807916,0.051686277,0.3,0.6,NA,NA,NA,NA,NA,NA
no cov,Good one,120,0.831881533,0.812405063,0.655749129,0.962025316,0.037030954,0.057149172,0.341666667,0.583333333,NA,NA,NA,NA,NA,NA
no cov,Good one,120,0.77827051,0.950397409,0.60516313,0.969384751,0.025093111,0.127607842,0.341666667,0.641666667,NA,NA,NA,NA,NA,NA
no cov,Good one,120,0.740447958,0.990196078,0.451251647,0.880324544,0.030682364,0.099310196,0.275,0.575,NA,NA,NA,NA,NA,NA
no cov,Good one,120,0.855113636,0.906144781,0.753787879,0.896885522,0.102792989,0.02449465,0.266666667,0.55,NA,NA,NA,NA,NA,NA
no cov,Good one,120,0.603535354,0.554597701,0.765151515,0.966594828,0.066415282,0.053017399,0.275,0.6,NA,NA,NA,NA,NA,NA
no cov,Good one,120,0.716969697,0.411877395,0.578181818,0.818773946,0.035728513,0.005276294,0.275,0.625,NA,NA,NA,NA,NA,NA
no cov,Good one,120,0.608722359,0.850449775,0.693079443,0.955272364,0.038925964,0.03431864,0.275,0.616666667,NA,NA,NA,NA,NA,NA
no cov,Good one,120,0.597727273,0.968981481,0.587878788,0.847916667,0.062232784,0.095974804,0.333333333,0.55,NA,NA,NA,NA,NA,NA
no cov,Good one,120,0.815482503,0.861752296,0.715977377,0.854802681,0.09096812,0.064951059,0.341666667,0.575,NA,NA,NA,NA,NA,NA
no cov,Good one,120,0.538386212,0.754311363,0.60301606,0.825891803,0.033134808,0.029088008,0.308333333,0.575,NA,NA,NA,NA,NA,NA
no cov,Good one,120,0.635964912,0.775252525,0.569736842,0.960858586,0.03932929,0.023247384,0.25,0.633333333,NA,NA,NA,NA,NA,NA
no cov,Good one,120,0.725407925,0.664472309,0.747785548,0.893730408,0.025118238,0.081467316,0.275,0.541666667,NA,NA,NA,NA,NA,NA
no cov,Good one,120,0.60625,0.855147059,0.908928571,0.866176471,0.031167628,0.011085286,0.291666667,0.666666667,NA,NA,NA,NA,NA,NA
no cov,Good one,120,0.60708502,0.917849224,0.80242915,0.942239468,0.051910159,0.025465975,0.316666667,0.541666667,NA,NA,NA,NA,NA,NA
no cov,Good one,120,0.267293233,0.82902439,0.827067669,0.693658537,0.065048282,0.047667361,0.316666667,0.583333333,NA,NA,NA,NA,NA,NA
no cov,Good one,120,0.696525097,0.915345269,0.64015444,0.807161125,0.085252756,0.01216844,0.291666667,0.616666667,NA,NA,NA,NA,NA,NA
no cov,Good one,120,0.620243531,0.822836879,0.733942161,0.832198582,0.036685792,0.018135955,0.375,0.608333333,NA,NA,NA,NA,NA,NA
no cov,Good one,120,0.459036145,0.93354531,0.799827883,0.885373609,0.018977465,0.070693138,0.291666667,0.691666667,NA,NA,NA,NA,NA,NA
no cov,Good one,120,0.636541471,0.907312925,0.405516432,0.903061224,0.036770256,0.078870688,0.3,0.591666667,NA,NA,NA,NA,NA,NA
no cov,Good one,120,0.621817384,0.96149627,0.889157155,0.946248355,0.06883972,0.041046697,0.283333333,0.558333333,NA,NA,NA,NA,NA,NA
no cov,Good one,120,0.527151639,0.909379815,0.757940574,0.86392527,0.059945683,0.015223419,0.266666667,0.508333333,NA,NA,NA,NA,NA,NA
no cov,Good one,120,0.757511488,0.877885331,0.519264758,0.910151402,0.028662981,0.117087373,0.341666667,0.575,NA,NA,NA,NA,NA,NA
no cov,Good one,120,0.717391304,0.632204397,0.537267081,0.799762329,0.034716972,0.055682659,0.175,0.575,NA,NA,NA,NA,NA,NA
no cov,Good one,120,0.562631579,0.931165312,0.423859649,0.84796748,0.022576838,0.066255508,0.316666667,0.625,NA,NA,NA,NA,NA,NA
no cov,Good one,120,0.609126984,0.690162907,0.513888889,0.870614035,0.049702018,0.028517533,0.3,0.525,NA,NA,NA,NA,NA,NA
no cov,Good both,120,0.627005348,0.936046512,0.674560733,0.819767442,0.042087611,0.023173312,0.283333333,0.641666667,NA,NA,NA,NA,NA,NA
no cov,Good both,120,0.530959752,0.963414634,0.752321981,0.940666041,0.104493054,0.066446036,0.316666667,0.566666667,NA,NA,NA,NA,NA,NA
no cov,Good both,120,0.633141762,0.930860806,0.719588123,0.851877289,0.043718686,0.027526989,0.241666667,0.6,NA,NA,NA,NA,NA,NA
no cov,Good both,120,0.543926662,0.825581395,0.620511841,0.808139535,0.007118143,0.03462979,0.283333333,0.641666667,NA,NA,NA,NA,NA,NA
no cov,Good both,120,0.4,0.853333333,0.758974359,0.894545455,0.124019071,0.029081148,0.375,0.541666667,NA,NA,NA,NA,NA,NA
no cov,Good both,120,0.840526316,0.826555024,0.702105263,0.907177033,0.035735011,0.00169801,0.208333333,0.633333333,NA,NA,NA,NA,NA,NA
no cov,Good both,120,0.61048951,0.947335423,0.557575758,0.973667712,0.002011967,0.074494289,0.275,0.541666667,NA,NA,NA,NA,NA,NA
no cov,Good both,120,0.666348358,0.877906977,0.910427807,0.651162791,0.109425926,0.044626933,0.283333333,0.641666667,NA,NA,NA,NA,NA,NA
no cov,Good both,120,0.659090909,0.843231162,0.651515152,0.919220945,0.013721808,0.062755694,0.275,0.55,NA,NA,NA,NA,NA,NA
no cov,Good both,120,0.710606061,0.761842105,0.725,0.980263158,0.050003493,0.017601296,0.366666667,0.5,NA,NA,NA,NA,NA,NA
no cov,Good both,120,0.711645469,0.743744208,0.705484897,1,0.056654759,0.030788287,0.308333333,0.566666667,NA,NA,NA,NA,NA,NA
no cov,Good both,120,0.369791667,0.696022727,0.760416667,0.68655303,0.120370755,0.048787353,0.266666667,0.6,NA,NA,NA,NA,NA,NA
no cov,Good both,120,0.561190476,0.857487923,0.692619048,0.879227053,0.001503286,0.0384108,0.233333333,0.625,NA,NA,NA,NA,NA,NA
no cov,Good both,120,0.710835059,0.840115753,0.796066253,0.624525231,0.160542294,0.026025229,0.191666667,0.525,NA,NA,NA,NA,NA,NA
no cov,Good both,120,0.492989056,0.861763237,0.584815321,0.76461039,0.142392618,0.054749282,0.358333333,0.566666667,NA,NA,NA,NA,NA,NA
no cov,Good both,120,0.79466967,0.908902692,0.725600601,0.703933747,0.064962835,0.097530714,0.3,0.616666667,NA,NA,NA,NA,NA,NA
no cov,Good both,120,0.546583851,0.701960784,0.683022774,0.921568627,0.016628756,0.007216492,0.291666667,0.575,NA,NA,NA,NA,NA,NA
no cov,Good both,120,0.74269103,0.973506494,0.643355482,0.786103896,0.123388667,0.146374173,0.358333333,0.583333333,NA,NA,NA,NA,NA,NA
no cov,Good both,120,0.506944444,0.994047619,0.645833333,0.895833333,0.171612432,0.059378323,0.3,0.6,NA,NA,NA,NA,NA,NA
no cov,Good both,120,0.796031746,0.862380952,0.726190476,0.938095238,0.011268737,0.021595993,0.3,0.583333333,NA,NA,NA,NA,NA,NA
no cov,Good both,120,0.586600685,0.776985493,0.785687096,0.821981805,0.081816911,0.056327621,0.308333333,0.591666667,NA,NA,NA,NA,NA,NA
no cov,Good both,120,0.760416667,0.814393939,0.717708333,0.988636364,0.071827294,0.013520801,0.266666667,0.5,NA,NA,NA,NA,NA,NA
no cov,Good both,120,0.648637821,0.888798701,0.812900641,0.982954545,0.030585412,0.008825512,0.266666667,0.65,NA,NA,NA,NA,NA,NA
no cov,Good both,120,0.670381137,0.892045455,0.508236434,0.628111472,0.00254144,0.067896299,0.358333333,0.6,NA,NA,NA,NA,NA,NA
no cov,Good both,120,0.912617221,0.916438668,0.60571185,0.947332421,0.103111628,0.111160741,0.283333333,0.575,NA,NA,NA,NA,NA,NA
cov,Poor,80,0.746376812,0.936907021,0.637681159,0.813567362,0.071069427,0.110148814,0.225,0.575,0.13671875,0.13671875,-0.08203125,0.058485243,0.058485243,-0.014431424
cov,Poor,80,0.724192277,0.775014294,0.663120567,0.620068611,0.040092261,0.022581354,0.3375,0.5875,0.178962747,0.178962747,-0.091307524,0.112898864,0.136154678,-0.084775554
cov,Poor,80,0.508236434,0.833976834,0.499031008,0.726110039,0.066315817,0.015408533,0.3,0.5375,0.159946536,0.249498775,-0.228113166,0.087408949,0.119667014,-0.041623309
cov,Poor,80,0.541414141,0.83509434,0.550841751,0.649056604,0.050058912,0.02687295,0.3375,0.6875,0.175490779,0.248661511,-0.214753123,0.111111111,0.111111111,-0.055555556
cov,Poor,80,0.760434783,0.859358289,0.687826087,0.722192513,0.116889262,0.079634649,0.3125,0.575,0.165244991,0.165244991,-0.074191629,0.071329378,0.105037243,-0.041030173
cov,Poor,80,0.922619048,0.738721805,0.80952381,0.734492481,0.190532652,0.10380077,0.3,0.525,0.045684114,0.060835629,-0.014921947,0.131394296,0.195224083,-0.070733364
cov,Poor,80,0.554694229,0.959459459,0.512919897,0.774604793,0.031710972,0.056990351,0.3375,0.5375,0.155102041,0.226530612,-0.202040816,0.014814815,0.025925926,-0.007407407
cov,Poor,80,0.519444444,0.810714286,0.580555556,0.742857143,0.071701598,0.050994402,0.25,0.5625,0.195739645,0.226508876,-0.21964497,0.114570637,0.135623269,-0.0433241
cov,Poor,80,0.61831761,0.89021164,0.527515723,0.753637566,0.016877305,0.054563014,0.3,0.6625,0.158542756,0.210490808,-0.205093608,0.062273189,0.074321382,-0.02206416
cov,Poor,80,0.777188329,1,0.679376658,0.820728291,0.165128222,0.199108184,0.3625,0.65,0.152263374,0.164609053,-0.082304527,0,0,0
cov,Poor,80,0.643160127,0.757759784,0.594379639,0.721997301,0.092018621,0.044334384,0.2875,0.5125,0.160888672,0.207763672,-0.151611328,0.128038194,0.169704861,-0.069878472
cov,Poor,80,0.749072356,0.841768632,0.738868275,0.767519466,0.012569255,0.006749025,0.275,0.6125,0.100972029,0.171394565,-0.053957548,0.110718344,0.121954299,-0.035349072
cov,Poor,80,0.5875,0.94375,0.5625,0.751041667,0.021597625,0.043295707,0.25,0.6,0.160034602,0.233564014,-0.16349481,0.041351607,0.041351607,-0.012996219
cov,Poor,80,0.584648494,0.69047619,0.584648494,0.647741148,0.058971031,0.020481985,0.2125,0.5125,0.197086801,0.248810939,-0.216706302,0.144655902,0.193675509,-0.110246059
cov,Poor,80,0.655555556,0.9,0.675,0.771428571,0.117744678,0.125351196,0.3,0.5625,0.110901071,0.2268431,-0.120982987,0.072334259,0.08332327,-0.02656684
cov,Poor,80,0.628787879,0.965517241,0.640692641,0.835299456,0.075359785,0.086308193,0.275,0.525,0.157714844,0.220214844,-0.123535156,0.034288194,0.034288194,-0.007378472
cov,Poor,80,0.657253599,0.861200183,0.633444075,0.700412277,0.00650576,0.005924959,0.2625,0.5375,0.157226563,0.204101563,-0.092773438,0.100260417,0.100260417,-0.045572917
cov,Poor,80,0.757647059,0.967391304,0.683529412,0.813043478,0.093601477,0.19263886,0.425,0.625,0.140589569,0.164399093,-0.073696145,0.032202216,0.032202216,-0.007271468
cov,Poor,80,0.73,0.875757576,0.57,0.751515152,0.184964597,0.168376596,0.3125,0.625,0.128177778,0.168177778,-0.125155556,0.089550173,0.101314879,-0.039861592
cov,Poor,80,0.702898551,0.940651261,0.585144928,0.839810924,0.088091955,0.114076868,0.3,0.575,0.153061224,0.167346939,-0.118367347,0.054814815,0.054814815,-0.011851852
cov,Poor,80,0.637820513,0.957752613,0.604166667,0.807491289,0.076304585,0.07275226,0.3,0.4875,0.168556311,0.216175359,-0.13303099,0.033159741,0.033159741,-0.008077373
cov,Poor,80,0.697142857,0.862756598,0.686530612,0.759824047,0.028666524,0.04493369,0.3125,0.6125,0.119795471,0.200876552,-0.096420745,0.105462412,0.105462412,-0.034072472
cov,Poor,80,0.620294599,0.812075984,0.539279869,0.638398915,0.014556259,0.024610392,0.1625,0.5875,0.144444444,0.194444444,-0.138888889,0.1073,0.1273,-0.0627
cov,Poor,80,0.588837209,0.986486486,0.565581395,0.823587224,0.017142203,0.071530813,0.3125,0.5375,0.180795848,0.224913495,-0.157439446,0.008979206,0.008979206,-0.001890359
cov,Poor,80,0.610322581,0.92585034,0.591935484,0.781292517,0.009425771,0.100122812,0.3875,0.625,0.137479043,0.236244475,-0.146471574,0.046947605,0.059605832,-0.016343535
cov,Good one,80,0.551020408,0.644614543,0.554421769,0.634499727,0.156861859,0.16663466,0.2625,0.6125,0.162857143,0.234285714,-0.165714286,0.139506173,0.217283951,-0.138271605
cov,Good one,80,0.861052632,0.843169399,0.702105263,0.660655738,0.129077621,0.006048978,0.2375,0.625,0.078134846,0.092627599,-0.037807183,0.090327255,0.112305277,-0.052529888
cov,Good one,80,0.593650794,0.789830508,0.604761905,0.721549637,0.071523391,0.079541256,0.2625,0.5625,0.17630854,0.221763085,-0.126721763,0.122000905,0.153915799,-0.058850158
cov,Good one,80,0.370726496,0.752304147,0.398504274,0.630760369,0.265063843,0.145417297,0.225,0.65,0.19755102,0.240408163,-0.30244898,0.111111111,0.155555556,-0.077777778
cov,Good one,80,0.814492754,0.722305764,0.726086957,0.684962406,0.016795563,0.10230912,0.2875,0.5625,0.080882353,0.110294118,-0.036764706,0.139177694,0.19352552,-0.089083176
cov,Good one,80,0.75845666,0.722041007,0.723572939,0.678937558,0.013129011,0.118129121,0.275,0.5375,0.143431953,0.174201183,-0.071952663,0.131745152,0.184376731,-0.089307479
cov,Good one,80,0.817307692,0.890873016,0.75,0.771825397,0.094483781,0.02608116,0.325,0.65,0.124260355,0.149901381,-0.055226824,0.082986318,0.082986318,-0.02676978
cov,Good one,80,0.587528604,0.960703954,0.548627002,0.797010608,0.019650535,0.049315693,0.2375,0.575,0.196686391,0.212071006,-0.218698225,0.033240997,0.033240997,-0.008864266
cov,Good one,80,0.711636829,0.952380952,0.623401535,0.740662932,0.122500048,0.069482403,0.2125,0.575,0.142857143,0.19047619,-0.095238095,0.035604209,0.045913487,-0.015942183
cov,Good one,80,0.716161616,0.912830189,0.725589226,0.863396226,0.041646584,0.089430299,0.3375,0.6875,0.12656157,0.211927424,-0.092950625,0.065417488,0.078238001,-0.011505588
cov,Good one,80,0.606019766,0.920590082,0.553908356,0.777150031,0.086712405,0.008449467,0.2625,0.6625,0.164901388,0.205441928,-0.132395909,0.064359113,0.064359113,-0.017036236
cov,Good one,80,0.790638607,0.990740741,0.647677794,0.833333333,0.052348653,0.109381626,0.325,0.6625,0.113603589,0.138920045,-0.076269829,0.010059442,0.010059442,-0.002286237
cov,Good one,80,0.789525692,0.642494929,0.622529644,0.531947262,0.032243022,0.129418153,0.275,0.575,0.136245675,0.136245675,-0.084342561,0.147566163,0.191044423,-0.167651229
cov,Good one,80,0.872847011,0.741910632,0.803951368,0.60143811,0.062500363,0.151139437,0.2625,0.5875,0.071583045,0.086288927,-0.016652249,0.117202268,0.138941399,-0.089319471
cov,Good one,80,0.838068182,0.956597222,0.667613636,0.868055556,0.131475091,0.058528418,0.2,0.55,0.1075,0.1075,-0.0425,0.0348,0.0348,-0.0052
cov,Good one,80,0.350032531,0.711328976,0.441119063,0.720043573,0.2620674,0.143589705,0.3625,0.6625,0.130577037,0.191552647,-0.369422963,0.153681788,0.217784352,-0.102728468
cov,Good one,80,0.573529412,0.804885057,0.648529412,0.703735632,0.080604116,0.074492729,0.25,0.6375,0.185082325,0.213251339,-0.138861337,0.088120187,0.133064007,-0.057947229
cov,Good one,80,0.770348837,0.887612613,0.65872093,0.748198198,0.123888508,0.029445785,0.25,0.5375,0.091710758,0.155202822,-0.0670194,0.08534382,0.08534382,-0.028058242
cov,Good one,80,0.673529412,0.948850575,0.619117647,0.839367816,0.00193887,0.030297823,0.25,0.6375,0.190636778,0.204721285,-0.133306884,0.037369019,0.037369019,-0.007574801
cov,Good one,80,0.851891892,1,0.845405405,0.804439746,0.275155237,0.105858178,0.3125,0.4625,0.10301769,0.135275754,-0.026014568,0,0,0
cov,Good one,80,0.855519481,0.905982906,0.767857143,0.784188034,0.17782899,0.086116153,0.35,0.55,0.07503858,0.116705247,-0.036072531,0.049586777,0.07231405,-0.018595041
cov,Good one,80,0.714574899,0.972222222,0.67780027,0.798711755,0.009693399,0.080322074,0.325,0.7125,0.142110611,0.190303382,-0.086805052,0.031371226,0.031371226,-0.007589813
cov,Good one,80,0.703804348,0.783613445,0.606884058,0.665441176,0.018590441,0.046252667,0.3,0.575,0.123877551,0.166734694,-0.104693878,0.11962963,0.152962963,-0.08037037
cov,Good one,80,0.770594966,0.68731919,0.663615561,0.62343298,0.010267215,0.135452104,0.2375,0.575,0.145798817,0.145798817,-0.069585799,0.174736842,0.195789474,-0.130526316
cov,Good one,80,0.315270936,0.937596302,0.421182266,0.724961479,0.187713044,0.001382796,0.2625,0.725,0.153661272,0.191635956,-0.390642525,0.025453437,0.037799116,-0.0115836
cov,Good both,80,0.755,0.941666667,0.695,0.808333333,0.036586299,0.056041774,0.25,0.625,0.14877551,0.163061224,-0.079795918,0.033950617,0.045061728,-0.010493827
cov,Good both,80,0.642393321,0.780311457,0.649350649,0.746941046,0.046445803,0.016999042,0.275,0.6125,0.13905971,0.209482246,-0.128545923,0.144047469,0.177755334,-0.069435677
cov,Good both,80,0.496732026,0.981132075,0.544662309,0.758295381,0.073649616,0.088141027,0.3375,0.6375,0.172255095,0.223537147,-0.212360289,0.018738846,0.018738846,-0.005651398
cov,Good both,80,0.662625418,0.86716792,0.592809365,0.760338346,0.047324031,0.019077969,0.2875,0.65,0.168888889,0.195555556,-0.137777778,0.066712803,0.10200692,-0.027404844
cov,Good both,80,0.814893617,0.778787879,0.73106383,0.636363636,0.080446806,0.034271047,0.3125,0.5875,0.116512346,0.130401235,-0.050154321,0.117768595,0.151859504,-0.08677686
cov,Good both,80,0.764285714,0.775263158,0.70952381,0.652105263,0.077414213,0.01511532,0.375,0.525,0.094521605,0.163966049,-0.072145062,0.117122934,0.139850207,-0.076058884
cov,Good both,80,0.740952381,0.706214689,0.613333333,0.62259887,0.019840181,0.077314997,0.2625,0.625,0.144217417,0.158301924,-0.10930371,0.115641964,0.183057695,-0.097841182
cov,Good both,80,0.641369048,0.829326923,0.53125,0.753605769,0.010794207,0.019078922,0.35,0.6,0.198753463,0.198753463,-0.16966759,0.103174603,0.126984127,-0.03968254
cov,Good both,80,0.764914055,0.86628734,0.718402427,0.781175913,0.047265505,0.02134817,0.2875,0.5375,0.1315427,0.16184573,-0.065426997,0.06994115,0.101856043,-0.025803531
cov,Good both,80,0.803140097,0.889844617,0.725845411,0.807991121,0.118793257,0.103049616,0.3375,0.575,0.101332333,0.156126853,-0.063051229,0.080988242,0.092482494,-0.022460034
cov,Good both,80,0.416666667,0.895127119,0.385416667,0.733580508,0.196619801,0.018418076,0.2625,0.6,0.208989708,0.223482462,-0.327242176,0.051926096,0.073904118,-0.024996981
cov,Good both,80,0.544832827,0.956002331,0.544452888,0.847319347,0.014225772,0.098594897,0.35,0.5875,0.169066667,0.235733333,-0.2176,0.028096886,0.039861592,-0.007197232
cov,Good both,80,0.5,0.922727273,0.54,0.737878788,0.050927579,0.048717571,0.3125,0.625,0.176888889,0.230222222,-0.236444444,0.032110727,0.055640138,-0.014948097
cov,Good both,80,0.718518519,0.644743935,0.644444444,0.578167116,0.021198067,0.072116095,0.3375,0.5625,0.149691358,0.177469136,-0.100308642,0.131198347,0.210743802,-0.152892562
cov,Good both,80,0.543052003,0.947973382,0.487638534,0.756805808,0.07948578,0.064412642,0.2875,0.6375,0.166179693,0.233747261,-0.198685172,0.024067063,0.03569497,-0.010816658
cov,Good both,80,0.792270531,0.879217274,0.671497585,0.725033738,0.012558406,0.010800144,0.2875,0.675,0.107606679,0.120593692,-0.048237477,0.054289447,0.078385832,-0.030047902
cov,Good both,80,0.754802831,0.977714557,0.643073812,0.835229967,0.065081997,0.091644454,0.2875,0.5375,0.136363636,0.151515152,-0.075757576,0.017881394,0.017881394,-0.003395201
cov,Good both,80,0.738181818,0.977020202,0.675454545,0.834343434,0.118225119,0.120159417,0.3125,0.55,0.16005041,0.189035917,-0.100819156,0.018596788,0.018596788,-0.003381234
cov,Good both,80,0.602083333,0.8375,0.58125,0.709375,0.046775293,0.005565056,0.25,0.6,0.168901384,0.227724913,-0.16933391,0.122873346,0.122873346,-0.051039698
cov,Good both,80,0.803846154,0.912962963,0.735384615,0.8,0.087887974,0.100998201,0.325,0.625,0.105955679,0.145429363,-0.051939058,0.043650794,0.067460317,-0.015873016
cov,Good both,80,0.481799798,0.911569464,0.460060667,0.804883831,0.065849237,0.034971345,0.2875,0.5375,0.180440771,0.241046832,-0.289256198,0.065753735,0.076392033,-0.019352648
cov,Good both,80,0.604705882,0.86645768,0.644313725,0.786520376,0.030946637,0.027728921,0.3125,0.6375,0.168282548,0.220914127,-0.16066482,0.098639456,0.110544218,-0.032312925
cov,Good both,80,0.665384615,0.972222222,0.626923077,0.846031746,0.100754704,0.125140345,0.325,0.5625,0.161872644,0.218210672,-0.133902004,0.016790809,0.028026764,-0.005681101
cov,Good both,80,0.63961039,0.817150635,0.547619048,0.695553539,0.024034379,0.028892794,0.275,0.525,0.186523438,0.202148438,-0.157226563,0.09233941,0.12358941,-0.053493924
cov,Good both,80,0.475806452,0.835034014,0.484735023,0.701105442,0.171802472,0.020253438,0.3875,0.7,0.175188268,0.244153785,-0.261593341,0.11484331,0.11484331,-0.049540251
cov,Poor,100,0.711469534,0.844202899,0.623655914,0.713768116,0.032546809,0.027417605,0.31,0.54,0.148373702,0.171903114,-0.098685121,0.078185255,0.112967864,-0.043553875
cov,Poor,100,0.875538793,0.835784314,0.768318966,0.726540616,0.163777817,0.117485185,0.32,0.58,0.078518519,0.100740741,-0.032592593,0.099338843,0.117520661,-0.046115702
cov,Poor,100,0.838729508,0.661538462,0.755942623,0.594230769,0.040419317,0.006389304,0.4,0.61,0.081168513,0.120772473,-0.037643368,0.135292317,0.195898378,-0.127333946
cov,Poor,100,0.734895833,0.88015873,0.752604167,0.73968254,0.057471362,0.046176887,0.3,0.64,0.178813943,0.200090539,-0.076505206,0.081968672,0.091402634,-0.031238875
cov,Poor,100,0.657407407,0.929124479,0.555555556,0.799434187,0.046002067,0.041183513,0.27,0.54,0.189300412,0.189300412,-0.144032922,0.053668526,0.053668526,-0.013558365
cov,Poor,100,0.670238095,0.9,0.59047619,0.813888889,0.029149463,0.060709514,0.28,0.6,0.161157025,0.195247934,-0.111570248,0.068239796,0.086096939,-0.021045918
cov,Poor,100,0.721505376,0.938768116,0.663709677,0.836050725,0.095114227,0.092433418,0.31,0.6,0.170148533,0.181137544,-0.093587731,0.043851528,0.05302584,-0.011194344
cov,Poor,100,0.590505464,0.719804318,0.533128415,0.687584345,0.030657441,0.023891354,0.24,0.61,0.134948097,0.205536332,-0.182698962,0.160302457,0.203780718,-0.100567108
cov,Poor,100,0.474213836,0.967933131,0.526415094,0.825379939,0.099709222,0.107857454,0.3,0.53,0.165916679,0.226157643,-0.267818261,0.019212506,0.027759515,-0.006428519
cov,Poor,100,0.568657367,0.949874687,0.590235397,0.799498747,0.046102327,0.055039386,0.37,0.62,0.212427303,0.232629324,-0.171411081,0.03970199,0.03970199,-0.00980296
cov,Poor,100,0.831903945,0.924420451,0.740994854,0.845665291,0.20557763,0.139011594,0.33,0.53,0.115197404,0.138453218,-0.047593294,0.034010465,0.060326254,-0.009849184
cov,Poor,100,0.592161017,0.987804878,0.592161017,0.799677188,0.035831346,0.09465169,0.32,0.59,0.188262287,0.243207342,-0.174375075,0.007490952,0.007490952,-0.00168336
cov,Poor,100,0.748717949,0.816071429,0.682051282,0.710119048,0.154010214,0.09340371,0.3,0.52,0.129238548,0.178019036,-0.078078525,0.118500431,0.135449583,-0.059465671
cov,Poor,100,0.768318966,0.704481793,0.758081897,0.630252101,0.143996077,0.100581375,0.32,0.58,0.112592593,0.179259259,-0.065185185,0.139338843,0.193884298,-0.115206612
cov,Poor,100,0.548951049,0.93048048,0.53986014,0.778828829,0.030239687,0.035464611,0.26,0.55,0.176649901,0.238378296,-0.18137479,0.051338182,0.059741544,-0.015888708
cov,Poor,100,0.605363985,0.992957746,0.588122605,0.846783403,0.058900523,0.120202494,0.29,0.63,0.140122873,0.23794896,-0.175094518,0.007630316,0.007630316,-0.001628944
cov,Poor,100,0.484375,0.760714286,0.517708333,0.689285714,0.035518026,0.00753618,0.3,0.64,0.164893617,0.239361702,-0.260638298,0.129672481,0.157974368,-0.077874689
cov,Poor,100,0.713709677,0.911915205,0.687788018,0.698464912,0.113285575,0.096246297,0.28,0.62,0.103333333,0.203333333,-0.096666667,0.057024793,0.066115702,-0.024793388
cov,Poor,100,0.862068966,0.796948357,0.715517241,0.683266264,0.151920776,0.082138185,0.29,0.58,0.094992734,0.106486986,-0.042938301,0.127026392,0.144725507,-0.067663873
cov,Poor,100,0.535635965,0.837722298,0.533717105,0.804035568,0.003130827,0.045836864,0.32,0.57,0.165256912,0.243908597,-0.228001515,0.102994887,0.130021914,-0.032140248
cov,Poor,100,0.470837488,0.957501848,0.477068794,0.802660754,0.024509483,0.063529566,0.34,0.59,0.16394959,0.249971095,-0.255405249,0.027338632,0.036684427,-0.010044545
cov,Poor,100,0.760942761,0.902095085,0.663299663,0.75906527,0.006802306,0.060614169,0.27,0.66,0.134928894,0.145681582,-0.069372182,0.066206656,0.084898244,-0.027251288
cov,Poor,100,0.805317324,0.985074627,0.706975415,0.871070181,0.201145956,0.161696763,0.33,0.53,0.116955111,0.140210925,-0.057463494,0.015081564,0.015081564,-0.002462296
cov,Poor,100,0.742995998,0.928707526,0.708976558,0.826452842,0.100245476,0.071878663,0.33,0.53,0.163331531,0.186587345,-0.080854516,0.051169591,0.051169591,-0.010233918
cov,Poor,100,0.632850242,0.910517013,0.578099839,0.78678745,0.060267886,0.023348161,0.27,0.69,0.159722222,0.201388889,-0.131944444,0.048169379,0.067400148,-0.019138314
cov,Good one,100,0.508731382,0.810156534,0.498459168,0.684746997,0.14145282,0.067155176,0.33,0.59,0.195297732,0.238775992,-0.228615312,0.114711934,0.133230453,-0.061213992
cov,Good one,100,0.786050157,0.777896233,0.699582027,0.685501066,0.054272266,0.039497986,0.33,0.58,0.110493902,0.143460935,-0.054341263,0.137362175,0.155710799,-0.073646999
cov,Good one,100,0.822884013,0.780916844,0.69984326,0.627398721,0.065382092,0.044061584,0.33,0.58,0.077768385,0.121724429,-0.054099746,0.119013551,0.137362175,-0.082821311
cov,Good one,100,0.61091954,0.866373239,0.567528736,0.827288732,0.023854998,0.006915942,0.29,0.6,0.164373185,0.231788916,-0.172705466,0.038470903,0.092524957,-0.015583151
cov,Good one,100,0.670677362,0.814171123,0.618538324,0.738413547,0.045190042,0.038910164,0.34,0.66,0.17,0.21,-0.14,0.0541,0.1241,-0.0459
cov,Good one,100,0.684895833,0.854892206,0.592566288,0.703358209,0.02679919,0.009379589,0.33,0.64,0.164310766,0.184929323,-0.124349028,0.097370157,0.107078895,-0.048260911
cov,Good one,100,0.444871795,0.730405405,0.428205128,0.638851351,0.22984741,0.165881025,0.26,0.6,0.165359654,0.235127096,-0.311384532,0.135272392,0.161588181,-0.084025854
cov,Good one,100,0.519723361,0.985294118,0.512295082,0.831259427,0.027109872,0.079104338,0.32,0.61,0.195976413,0.249739854,-0.234131113,0.006376103,0.015721897,-0.002969692
cov,Good one,100,0.533333333,0.718055556,0.517857143,0.633333333,0.140050491,0.112641985,0.28,0.6,0.175619835,0.232438017,-0.222107438,0.154017857,0.189732143,-0.122767857
cov,Good one,100,0.861407249,1,0.773454158,0.808080808,0.125403826,0.096061314,0.28,0.67,0.084099723,0.105152355,-0.031689751,0,0,0
cov,Good one,100,0.5390625,0.799836601,0.5078125,0.700163399,0.134469999,0.077659808,0.32,0.64,0.191623264,0.233289931,-0.214626736,0.122503698,0.141734467,-0.060188609
cov,Good one,100,0.724074074,0.970380435,0.609259259,0.847282609,0.068129475,0.054621169,0.2,0.54,0.149379109,0.176406136,-0.134404675,0.026706979,0.026706979,-0.005039053
cov,Good one,100,0.592760181,0.951704545,0.553167421,0.768939394,0.084580032,0.092886323,0.34,0.52,0.163872363,0.233639805,-0.184964846,0.031855956,0.040627886,-0.012003693
cov,Good one,100,0.799765808,0.920512821,0.673067916,0.748717949,0.089685477,0.093593474,0.35,0.61,0.104600694,0.125434028,-0.051649306,0.036057692,0.064903846,-0.021634615
cov,Good one,100,0.596354167,0.94005848,0.528645833,0.771929825,0.005617239,0.054865272,0.24,0.64,0.17768595,0.21177686,-0.242768595,0.053571429,0.053571429,-0.017857143
cov,Good one,100,0.609279609,0.878378378,0.588827839,0.824324324,0.062898447,0.019619366,0.26,0.63,0.17598788,0.220931701,-0.172326726,0.077996916,0.096014934,-0.021102183
cov,Good one,100,0.486866792,0.812106538,0.494559099,0.670217918,0.143885244,0.081461102,0.41,0.65,0.207369171,0.24510502,-0.264328943,0.105251245,0.115889543,-0.054323223
cov,Good one,100,0.44047619,0.763104013,0.374883287,0.656019656,0.170547694,0.091711568,0.34,0.63,0.168668296,0.220214688,-0.3571049,0.138467339,0.157884815,-0.084833632
cov,Good one,100,0.572180012,0.987804878,0.589129164,0.823084851,0.035441119,0.062550504,0.29,0.59,0.160123967,0.228305785,-0.158057851,0.007334184,0.007334184,-0.001594388
cov,Good one,100,0.584729064,0.992307692,0.573152709,0.848168498,0.053574493,0.073497292,0.35,0.58,0.177245924,0.231009365,-0.166840097,0.007860949,0.007860949,-0.001484846
cov,Good one,100,0.606469003,0.966284779,0.601886792,0.869885434,0.015219579,0.062187776,0.35,0.53,0.187241736,0.232696281,-0.153667355,0.01307398,0.030931122,-0.004783163
cov,Good one,100,0.556955645,0.800696594,0.460685484,0.696594427,0.192920065,0.095394014,0.32,0.62,0.162290629,0.194205523,-0.220688094,0.124065504,0.133499466,-0.055179779
cov,Good one,100,0.6784634,0.880936783,0.704174229,0.796757288,0.00142118,0.022638985,0.29,0.57,0.137641969,0.20740941,-0.094916171,0.091028009,0.091028009,-0.023007079
cov,Good one,100,0.855660377,0.939513678,0.732389937,0.765045593,0.166674871,0.067757678,0.3,0.53,0.101175787,0.11322398,-0.043402526,0.036963986,0.045510994,-0.014318066
cov,Good one,100,0.757640068,0.874787776,0.65959253,0.736417657,0.06439275,0.053600844,0.38,0.62,0.105,0.165,-0.085,0.0849,0.0949,-0.0351
cov,Good both,100,0.813616071,0.986111111,0.7265625,0.875,0.105366601,0.12130569,0.28,0.64,0.123345936,0.155954631,-0.061436673,0.01611797,0.01611797,-0.002400549
cov,Good both,100,0.610856619,0.718157182,0.58886853,0.630274874,0.10157416,0.088905262,0.37,0.59,0.114257813,0.228841146,-0.156575521,0.142011834,0.170857988,-0.098372781
cov,Good both,100,0.744421907,0.858225108,0.727180527,0.805194805,0.01208999,0.035167532,0.34,0.58,0.111058601,0.187145558,-0.073724008,0.061042524,0.098079561,-0.022290809
cov,Good both,100,0.732251521,0.907790493,0.70030426,0.790492958,0.015507741,0.025255122,0.29,0.68,0.140716335,0.192262727,-0.086087788,0.045056084,0.054764822,-0.013196343
cov,Good both,100,0.75037037,0.797971014,0.711851852,0.690289855,0.036795396,0.040441165,0.25,0.54,0.154141964,0.17945842,-0.073706137,0.104637661,0.137695513,-0.060651595
cov,Good both,100,0.702346041,0.871497585,0.59941349,0.710144928,0.004630378,0.011320929,0.31,0.55,0.152514873,0.175770687,-0.114926988,0.088334872,0.088334872,-0.034472145
cov,Good both,100,0.787878788,0.783193277,0.666666667,0.710504202,0.033849627,0.013714086,0.3,0.66,0.131944444,0.152777778,-0.076388889,0.12352071,0.161982249,-0.068786982
cov,Good both,100,0.744736842,0.985714286,0.666666667,0.753322259,0.053971494,0.101463889,0.3,0.57,0.126436782,0.16091954,-0.08045977,0.004620565,0.013470123,-0.004228992
cov,Good both,100,0.611458333,0.940441176,0.578125,0.871323529,0.017149302,0.070050206,0.32,0.6,0.168596408,0.222944234,-0.179229679,0.03909465,0.048353909,-0.007201646
cov,Good both,100,0.791316527,0.779903628,0.698529412,0.629676871,0.130389781,0.020364826,0.28,0.51,0.143086044,0.155744272,-0.07210383,0.094255857,0.143842634,-0.079297862
cov,Good both,100,0.861111111,0.880148741,0.662037037,0.751430206,0.101189862,0.020475163,0.24,0.54,0.050295858,0.088757396,-0.039447732,0.073904864,0.082101586,-0.024455791
cov,Good both,100,0.524313914,0.843214756,0.565238325,0.666007905,0.156145371,0.056253082,0.31,0.67,0.185131195,0.236151603,-0.192419825,0.083044983,0.092848904,-0.044405998
cov,Good both,100,0.335352815,0.896769897,0.428011404,0.761238761,0.221379445,0.024981461,0.23,0.61,0.150085034,0.197704082,-0.338010204,0.069857313,0.078478002,-0.024970273
cov,Good both,100,0.894200627,0.802197802,0.786050157,0.782967033,0.130721842,0.002345216,0.22,0.58,0.05390625,0.09140625,-0.02109375,0.105,0.155,-0.045
cov,Good both,100,0.531045752,0.913961039,0.493872549,0.827380952,0.061888051,0.082787597,0.34,0.72,0.193396226,0.240566038,-0.259433962,0.066998642,0.088275238,-0.018107741
cov,Good both,100,0.799507389,0.98040293,0.733497537,0.796336996,0.087565999,0.126459527,0.35,0.58,0.120013874,0.141519251,-0.052029136,0.015023146,0.015023146,-0.003668443
cov,Good both,100,0.667307692,0.788095238,0.721153846,0.68234127,0.015375605,0.053681946,0.28,0.65,0.162677766,0.184183143,-0.106139438,0.118875011,0.1375666,-0.058695083
cov,Good both,100,0.740664845,0.943108974,0.675091075,0.854967949,0.041343759,0.101997129,0.36,0.61,0.134870868,0.165798703,-0.081623977,0.039494769,0.049203506,-0.009048921
cov,Good both,100,0.753143794,0.985507246,0.620010935,0.825026511,0.059108835,0.118538058,0.31,0.59,0.100740741,0.145185185,-0.088148148,0.006115702,0.015206612,-0.002975207
cov,Good both,100,0.380327869,0.708974359,0.404918033,0.639903846,0.191158662,0.119138073,0.2,0.61,0.170096022,0.219478738,-0.373113855,0.140879881,0.182896688,-0.111220959
cov,Good both,100,0.733436055,0.972879505,0.692860812,0.867127776,0.007275578,0.093370361,0.33,0.59,0.106332703,0.171550095,-0.06758034,0.014917695,0.024176955,-0.003600823
cov,Good both,100,0.88729097,0.861038961,0.745150502,0.74025974,0.086048443,0.011212136,0.23,0.65,0.079545455,0.090909091,-0.034090909,0.078125,0.087053571,-0.029017857
cov,Good both,100,0.504237288,0.944359756,0.557438795,0.725228659,0.072447496,0.053919288,0.36,0.59,0.170747922,0.223379501,-0.218725762,0.041360544,0.041360544,-0.015782313
cov,Good both,100,0.715673981,0.733959311,0.663009404,0.620970266,0.020277874,0.031673798,0.29,0.55,0.171060091,0.194869615,-0.102749433,0.136741974,0.171224732,-0.104637337
cov,Good both,100,0.634135472,0.911319073,0.595811052,0.770053476,0.053670593,0.069646022,0.34,0.66,0.1709,0.2109,-0.1591,0.036,0.056,-0.014
cov,Poor,120,0.670230263,0.869318182,0.606085526,0.693181818,0.040389161,0.008230818,0.266666667,0.633333333,0.142489712,0.198045267,-0.126028807,0.085399449,0.085399449,-0.035812672
cov,Poor,120,0.794319098,0.927387432,0.694399678,0.82285997,0.084902538,0.080227479,0.283333333,0.608333333,0.106734213,0.14411739,-0.061490086,0.047147945,0.062185539,-0.013002431
cov,Poor,120,0.601161996,0.886982416,0.588004101,0.803885423,0.055867346,0.02477557,0.316666667,0.641666667,0.156521739,0.234782609,-0.156521739,0.074496,0.090496,-0.021504
cov,Poor,120,0.737207602,0.930386179,0.683845029,0.782520325,0.052138472,0.08303473,0.316666667,0.6,0.123636364,0.178181818,-0.076363636,0.059171598,0.059171598,-0.017751479
cov,Poor,120,0.8,0.99,0.742857143,0.815882353,0.095873038,0.095228413,0.291666667,0.583333333,0.114739229,0.143310658,-0.047165533,0.006035665,0.006035665,-0.001371742
cov,Poor,120,0.641341991,0.775057471,0.642207792,0.716321839,0.074077204,0.069626076,0.275,0.583333333,0.153925912,0.231595815,-0.147044962,0.125366295,0.161862646,-0.064414726
cov,Poor,120,0.621972622,0.681003082,0.563004563,0.592743065,0.108770253,0.07888821,0.308333333,0.641666667,0.171745152,0.206832872,-0.161588181,0.165343915,0.189153439,-0.12037037
cov,Poor,120,0.92936332,0.776125994,0.735983529,0.696938475,0.134254353,0.086555367,0.341666667,0.641666667,0.054007469,0.062482045,-0.022263717,0.129602257,0.154192421,-0.067119054
cov,Poor,120,0.779132791,0.823308271,0.722560976,0.718358396,4.35222E-05,0.021227649,0.3,0.683333333,0.114478598,0.156851479,-0.063487504,0.110051062,0.118247783,-0.045686643
cov,Poor,120,0.754111842,0.835227273,0.778782895,0.727272727,0.000560364,0.009591085,0.266666667,0.633333333,0.096707819,0.170781893,-0.051440329,0.106060606,0.121212121,-0.045454545
cov,Poor,120,0.646041667,0.65770202,0.565833333,0.579166667,0.003650313,0.030773097,0.266666667,0.625,0.132937374,0.20770373,-0.175473841,0.12883713,0.196506303,-0.134320764
cov,Poor,120,0.51992377,0.870101986,0.465869716,0.761674718,0.037316119,0.133851182,0.325,0.616666667,0.144882136,0.215678597,-0.26219751,0.091388183,0.107136214,-0.034596069
cov,Poor,120,0.561890838,0.90554741,0.535575049,0.812927664,0.034935944,0.000282833,0.225,0.633333333,0.188142143,0.226977095,-0.190498633,0.041131653,0.070328734,-0.017262507
cov,Poor,120,0.657679739,0.948717949,0.642973856,0.851648352,0.045230325,0.083602336,0.3,0.566666667,0.159116124,0.216808432,-0.11973003,0.035467128,0.05017301,-0.008650519
cov,Poor,120,0.666611296,0.950519481,0.590697674,0.782597403,0.000107993,0.094353979,0.358333333,0.583333333,0.15349675,0.18889498,-0.129689091,0.029326059,0.037200074,-0.01004402
cov,Poor,120,0.693307758,0.805289558,0.575873828,0.703944368,0.051606175,0.041441033,0.283333333,0.575,0.135545292,0.184088981,-0.116881893,0.112525974,0.141723054,-0.062656508
cov,Poor,120,0.748680241,0.825023742,0.649509804,0.731006648,0.138000905,0.124930437,0.325,0.566666667,0.147349113,0.156694908,-0.086295746,0.119226638,0.134264232,-0.053705693
cov,Poor,120,0.676888427,0.742828457,0.62993763,0.689185313,0.056460559,0.055791246,0.308333333,0.65,0.160680529,0.20415879,-0.108884688,0.1248,0.1728,-0.0672
cov,Poor,120,0.819444444,0.712797619,0.652777778,0.674107143,0.111780074,0.084090023,0.3,0.6,0.101508916,0.120027435,-0.06515775,0.169421488,0.199724518,-0.103305785
cov,Poor,120,0.643073593,0.966149871,0.606926407,0.817054264,0.096424196,0.105892895,0.25,0.641666667,0.170669928,0.226744694,-0.184470259,0.023856634,0.031375431,-0.006218554
cov,Poor,120,0.680023923,0.868469175,0.618819777,0.708725183,0.022270588,0.035192363,0.275,0.633333333,0.161350055,0.18887299,-0.113879303,0.098595653,0.098595653,-0.038808927
cov,Poor,120,0.807789855,0.822426471,0.724818841,0.726102941,0.117607708,0.103621764,0.333333333,0.575,0.077939567,0.132985439,-0.0505008,0.075869705,0.136938407,-0.053901288
cov,Poor,120,0.686688312,0.835661765,0.623863636,0.763235294,0.039230771,0.008742478,0.291666667,0.733333333,0.157445965,0.206226453,-0.1189768,0.09270217,0.118343195,-0.035502959
cov,Poor,120,0.608108108,0.899947617,0.581081081,0.769643793,0.240850644,0.222767699,0.308333333,0.616666667,0.157779401,0.229851473,-0.202580959,0.0805841,0.088336037,-0.027943032
cov,Poor,120,0.818813131,0.858117816,0.732954545,0.719827586,0.084518716,0.063840173,0.275,0.6,0.111927438,0.130975057,-0.049977324,0.077860082,0.100082305,-0.040658436
cov,Good one,120,0.691441441,0.847567288,0.61524024,0.753623188,0.027653649,0.009590029,0.3,0.616666667,0.139090909,0.193636364,-0.106363636,0.09816568,0.113550296,-0.03260355
cov,Good one,120,0.688865546,0.91821267,0.65987395,0.772850679,0.041809688,0.027881446,0.291666667,0.566666667,0.143368838,0.201621265,-0.099349609,0.060472055,0.067771325,-0.019819916
cov,Good one,120,0.807692308,0.817901235,0.692307692,0.684303351,0.032003539,0.017998755,0.325,0.65,0.095989481,0.130177515,-0.057856673,0.093661181,0.126181506,-0.060810364
cov,Good one,120,0.599885845,0.964285714,0.544710807,0.842198582,0.026528103,0.070993878,0.3,0.608333333,0.198804814,0.217153438,-0.177341975,0.015558534,0.038459297,-0.007342229
cov,Good one,120,0.652777778,0.973214286,0.611111111,0.830357143,0.053760629,0.072024156,0.3,0.6,0.156721536,0.221536351,-0.130315501,0.01911157,0.01911157,-0.003615702
cov,Good one,120,0.740830756,0.808749701,0.596111357,0.765001195,0.002585221,0.029538127,0.258333333,0.608333333,0.121301775,0.159763314,-0.099852071,0.102076125,0.146193772,-0.044982699
cov,Good one,120,0.724891775,0.783877996,0.665151515,0.716557734,0.057077647,0.012407123,0.291666667,0.55,0.132045878,0.191451818,-0.115478875,0.11008747,0.160447182,-0.062574401
cov,Good one,120,0.86423445,0.933014354,0.663875598,0.755382775,0.182418465,0.166199343,0.366666667,0.633333333,0.080138889,0.096805556,-0.044861111,0.051666667,0.051666667,-0.015
cov,Good one,120,0.604946524,0.912955466,0.56684492,0.793522267,0.043951516,0.07420927,0.366666667,0.566666667,0.140306122,0.229591837,-0.172193878,0.047851563,0.063476563,-0.014648438
cov,Good one,120,0.787049109,0.940497875,0.689482834,0.823416312,0.075369031,0.062121655,0.325,0.491666667,0.119117035,0.139525198,-0.064556435,0.032334854,0.046419361,-0.009918667
cov,Good one,120,0.857789855,0.983946078,0.746557971,0.885784314,0.150231078,0.112962376,0.333333333,0.575,0.092079791,0.110428415,-0.036360576,0.005768895,0.013402482,-0.001864693
cov,Good one,120,0.640269151,0.961161388,0.570910973,0.851432881,0.017148538,0.06609337,0.35,0.575,0.171739307,0.207775343,-0.152585017,0.01724656,0.032750436,-0.006009254
cov,Good one,120,0.713425129,0.954435204,0.587636259,0.816354816,0.072727417,0.065558107,0.35,0.691666667,0.13568,0.15168,-0.08832,0.033497164,0.042192817,-0.009981096
cov,Good one,120,0.719738924,0.929323725,0.678401899,0.806679601,0.001770404,0.069876619,0.266666667,0.658333333,0.12734356,0.190406623,-0.115899683,0.047953849,0.055705787,-0.014061655
cov,Good one,120,0.58911085,1,0.597336467,0.865107489,0.001585719,0.075714307,0.308333333,0.575,0.180669277,0.227839089,-0.149519402,0,0,0
cov,Good one,120,0.64363354,0.806372549,0.571687371,0.668158568,0.005390595,0.027089394,0.233333333,0.575,0.134445743,0.206610692,-0.164523329,0.12391804,0.137904054,-0.071886156
cov,Good one,120,0.84078341,0.743258427,0.774654378,0.658314607,0.048689092,0.125844162,0.258333333,0.583333333,0.081168513,0.120772473,-0.037643368,0.149267636,0.163656125,-0.080948191
cov,Good one,120,0.744657448,0.934443657,0.62680704,0.827427356,0.020018074,0.079332394,0.308333333,0.716666667,0.152951286,0.169211448,-0.090951153,0.022499817,0.056687852,-0.011688217
cov,Good one,120,0.634469697,0.939074612,0.514880952,0.786337209,0.064427946,0.014133781,0.2,0.641666667,0.142829134,0.172532105,-0.144299578,0.040008281,0.047202526,-0.010351431
cov,Good one,120,0.822580645,0.894711352,0.733870968,0.738860907,0.106431441,0.007147,0.258333333,0.516666667,0.101630246,0.123135623,-0.0381547,0.061363321,0.074968763,-0.027072053
cov,Good one,120,0.694565217,0.756495098,0.65634058,0.70122549,0.0457931,0.087623746,0.333333333,0.575,0.127009511,0.191229694,-0.102348287,0.101101334,0.169803624,-0.066837597
cov,Good one,120,0.551664753,0.944095038,0.542097206,0.847542511,0.08447432,0.030020266,0.325,0.558333333,0.179690281,0.236294055,-0.188234247,0.042882602,0.050345288,-0.009356204
cov,Good one,120,0.522727273,0.933114035,0.545454545,0.799890351,0.047424298,0.048586057,0.366666667,0.6,0.163198573,0.24078478,-0.224732461,0.058532778,0.058532778,-0.014047867
cov,Good one,120,0.802855925,0.855791154,0.76683717,0.808937528,0.063587914,0.015320752,0.283333333,0.575,0.116033556,0.14515977,-0.049014987,0.081783792,0.118280143,-0.027705259
cov,Good one,120,0.651848152,0.904105656,0.574259074,0.820556991,0.077384823,0.020339158,0.325,0.641666667,0.133843639,0.194188466,-0.14201843,0.063475546,0.079604579,-0.017169615
cov,Good both,120,0.819651741,0.917115903,0.755597015,0.771226415,0.111461067,0.057990574,0.3,0.558333333,0.1105665,0.139692714,-0.044773306,0.061537642,0.061537642,-0.018754329
cov,Good both,120,0.693283582,0.69129979,0.615174129,0.674633124,0.03649346,0.104023801,0.25,0.558333333,0.167499203,0.18811776,-0.121160591,0.134040784,0.203970854,-0.096728446
cov,Good both,120,0.617262424,0.891462401,0.609197908,0.756231824,0.012623144,0.027210511,0.308333333,0.516666667,0.172023263,0.232629324,-0.15120906,0.073638147,0.080730346,-0.025652633
cov,Good both,120,0.536858974,0.861111111,0.550747863,0.747299383,0.05663549,0.016909807,0.325,0.6,0.159483808,0.240564889,-0.227903579,0.083588727,0.099092603,-0.032690343
cov,Good both,120,0.546739984,0.824206167,0.51119403,0.74654855,0.093932364,0.012702821,0.316666667,0.558333333,0.211156463,0.230204082,-0.217414966,0.100137174,0.137174211,-0.048010974
cov,Good both,120,0.826308395,0.931048069,0.675799087,0.790386131,0.105737576,0.111443664,0.325,0.608333333,0.100446429,0.127232143,-0.060267857,0.048217773,0.056030273,-0.014282227
cov,Good both,120,0.448214286,0.704411765,0.441964286,0.602205882,0.217819865,0.106557218,0.291666667,0.666666667,0.149338374,0.244990548,-0.276748582,0.147712,0.179712,-0.132288
cov,Good both,120,0.602430556,0.928030303,0.602430556,0.819128788,0.034413117,0.044948323,0.266666667,0.6,0.161889793,0.23881287,-0.155417899,0.050713668,0.06541955,-0.015462803
cov,Good both,120,0.692857143,0.871176471,0.6,0.756470588,0.033063324,0.033444647,0.291666667,0.583333333,0.165986395,0.185034014,-0.13877551,0.080329218,0.095144033,-0.030781893
cov,Good both,120,0.616666667,0.860416667,0.5875,0.764583333,0.018086609,0.014666085,0.333333333,0.5,0.168,0.228,-0.152,0.083265306,0.104693878,-0.031020408
cov,Good both,120,0.628125,0.914285714,0.575,0.801785714,0.016445709,0.049535962,0.333333333,0.533333333,0.166235207,0.21431213,-0.151072485,0.070717993,0.070717993,-0.017517301
cov,Good both,120,0.499571,0.902451913,0.488416988,0.753963221,0.092848643,0.009370682,0.308333333,0.525,0.1799,0.2499,-0.2401,0.048877551,0.070306122,-0.02255102
cov,Good both,120,0.616545894,0.883753501,0.587560386,0.836484594,0.045055758,0.030366176,0.3,0.575,0.156462585,0.223129252,-0.167346939,0.071604938,0.09382716,-0.017283951
cov,Good both,120,0.856117567,0.803318208,0.770847573,0.707458877,0.061443813,0.00827541,0.316666667,0.641666667,0.084007561,0.110094518,-0.029035917,0.0912,0.1392,-0.0608
cov,Good both,120,0.624811463,0.911683278,0.65158371,0.747508306,0.029431018,0.074251747,0.283333333,0.65,0.17059949,0.23309949,-0.150829082,0.063110352,0.063110352,-0.022827148
cov,Good both,120,0.758928571,0.794117647,0.727678571,0.744117647,0.016230069,0.01488354,0.291666667,0.666666667,0.125973535,0.169451796,-0.065330813,0.10208,0.15808,-0.04992
cov,Good both,120,0.574690402,0.878752345,0.539473684,0.744371482,0.029371127,0.037511118,0.316666667,0.566666667,0.144357423,0.229263083,-0.204699181,0.078803742,0.093729116,-0.033136556
cov,Good both,120,0.546376812,0.891176471,0.518115942,0.825816993,0.056070484,0.007262084,0.25,0.575,0.178655239,0.24936231,-0.225385165,0.072581862,0.086766259,-0.019616719
cov,Good both,120,0.380952381,0.721844935,0.351851852,0.604697227,0.1884763,0.124986049,0.225,0.525,0.166419753,0.221975309,-0.422469136,0.132488889,0.165822222,-0.107511111
cov,Good both,120,0.584810127,0.741893831,0.545207957,0.664131994,0.106586208,0.084131239,0.291666667,0.658333333,0.172668513,0.225300092,-0.195752539,0.126291257,0.165973797,-0.080057949
cov,Good both,120,0.715351812,0.777789171,0.612473348,0.730311731,0.039525851,0.007168816,0.233333333,0.558333333,0.128421053,0.170526316,-0.113684211,0.128418549,0.16979786,-0.071581451
cov,Good both,120,0.582236842,0.85290404,0.511513158,0.747474747,0.067454581,0.039101129,0.4,0.633333333,0.189516129,0.213709677,-0.213709677,0.106420927,0.115041617,-0.040130797
cov,Good both,120,0.833390587,0.894471713,0.785984198,0.799147507,0.093923519,0.079138055,0.341666667,0.591666667,0.110331633,0.137117347,-0.041454082,0.058288574,0.081726074,-0.019836426
cov,Good both,120,0.803225806,0.89937578,0.747096774,0.832334582,0.048611007,0.045733979,0.258333333,0.625,0.126913492,0.145781417,-0.052331791,0.086544888,0.086544888,-0.017932724
cov,Good both,120,0.787179487,0.885353535,0.732051282,0.781313131,0.171595942,0.122156516,0.25,0.541666667,0.126094183,0.168199446,-0.073905817,0.099643282,0.106539834,-0.031391201
